hcp_id,npi_number,full_name,gender,date_of_birth,specialty,sub_specialty,practice_type,affiliated_institutions_count,location_city,location_state,prescribing_authority_drug_classes,formulary_access,preferred_contact_channel,rep_visits_count,digital_interactions_score,event_attendance_count,content_affinity,rx_volume_score,influence_score,churn_risk,promotion_limit,opt_out_status,data_quality_score
HCP0001,1234567890,Dr. Ayesha Banerjee,Female,1975-08-22,Cardiology,Interventional Cardiology,Hospital-affiliated,5,Kolkata,West Bengal,"Statins, Anticoagulants",TRUE,Email,10,0.85,5,"Diabetes,Rare Disease",0.92,0.78,0.35,1500,FALSE,0.88
HCP0002,1234567891,Dr. Rajiv Menon,Male,1980-03-15,Endocrinology,Diabetes Specialist,Private Practice,3,Chennai,Tamil Nadu,"Insulin, GLP-1",TRUE,Phone,8,0.65,3,"Diabetes",0.89,0.72,0.40,1200,FALSE,0.90
HCP0003,1234567892,Dr. Sneha Kapoor,Female,1985-11-30,Pediatrics,Neonatology,Clinic-based,2,Mumbai,Maharashtra,"Vaccines",TRUE,Email,5,0.75,2,"Vaccination",0.70,0.60,0.25,1000,FALSE,0.85
HCP0004,1234567893,Dr. Arjun Rao,Male,1970-06-20,Oncology,Medical Oncology,Hospital-affiliated,4,Bengaluru,Karnataka,"Chemotherapy",TRUE,Email,12,0.90,6,"Cancer",0.95,0.85,0.30,2000,FALSE,0.92
HCP0005,1234567894,Dr. Meera Joshi,Female,1978-01-10,Dermatology,Cosmetic Dermatology,Private Practice,1,Pune,Maharashtra,"Retinoids",TRUE,Phone,6,0.60,1,"Skin Care",0.65,0.55,0.45,800,FALSE,0.80
HCP0006,1234567895,Dr. Vikram Shah,Male,1982-07-25,Orthopedics,Joint Replacement,Hospital-affiliated,3,Ahmedabad,Gujarat,"NSAIDs",TRUE,Email,9,0.70,4,"Bone Health",0.88,0.70,0.38,1300,FALSE,0.87
HCP0007,1234567896,Dr. Anjali Desai,Female,1990-09-05,Gynecology,Infertility Specialist,Clinic-based,2,Surat,Gujarat,"Hormones",TRUE,Email,7,0.80,3,"Women's Health",0.75,0.65,0.42,1100,FALSE,0.86
HCP0008,1234567897,Dr. Rohan Khanna,Male,1976-12-18,Neurology,Stroke Specialist,Hospital-affiliated,5,Delhi,Delhi,"Antiepileptics",TRUE,Phone,11,0.88,5,"Neuro",0.93,0.82,0.28,1800,FALSE,0.91
HCP0009,1234567898,Dr. Priya Nair,Female,1983-04-22,General Medicine,Internal Medicine,Private Practice,2,Kochi,Kerala,"Antibiotics",TRUE,Email,6,0.68,2,"General Health",0.78,0.66,0.36,950,FALSE,0.84
HCP0010,1234567899,Dr. Karan Mehta,Male,1987-08-14,Pulmonology,Asthma Specialist,Clinic-based,1,Jaipur,Rajasthan,"Bronchodilators",TRUE,Email,4,0.55,1,"Respiratory",0.60,0.50,0.50,700,FALSE,0.79
HCP0011,1234567900,Dr. Neha Verma,Female,1979-02-28,Cardiology,Electrophysiology,Hospital-affiliated,4,Indore,Madhya Pradesh,"Beta Blockers",TRUE,Email,10,0.82,4,"Heart Health",0.90,0.75,0.33,1400,FALSE,0.89
HCP0012,1234567901,Dr. Sanjay Gupta,Male,1968-05-12,Endocrinology,Thyroid Specialist,Private Practice,3,Lucknow,Uttar Pradesh,"Thyroid Hormones",TRUE,Phone,9,0.72,3,"Thyroid",0.85,0.73,0.37,1250,FALSE,0.88
HCP0013,1234567902,Dr. Ritu Sharma,Female,1986-10-08,Pediatrics,Adolescent Medicine,Clinic-based,2,Bhopal,Madhya Pradesh,"Vaccines",TRUE,Email,5,0.65,2,"Adolescent Health",0.72,0.62,0.41,900,FALSE,0.83
HCP0014,1234567903,Dr. Manish Tiwari,Male,1974-03-19,Oncology,Radiation Oncology,Hospital-affiliated,5,Patna,Bihar,"Radiotherapy",TRUE,Email,13,0.92,6,"Cancer",0.96,0.88,0.29,2100,FALSE,0.93
HCP0015,1234567904,Dr. Kavita Reddy,Female,1981-06-30,Dermatology,Pediatric Dermatology,Private Practice,2,Hyderabad,Telangana,"Topicals",TRUE,Phone,7,0.66,2,"Skin Care",0.68,0.58,0.44,850,FALSE,0.82
HCP0016,1234567905,Dr. Nikhil Jain,Male,1989-01-25,Orthopedics,Spine Surgery,Hospital-affiliated,3,Nagpur,Maharashtra,"Painkillers",TRUE,Email,8,0.75,3,"Spine Health",0.82,0.68,0.39,1350,FALSE,0.86
HCP0017,1234567906,Dr. Shalini Mukherjee,Female,1977-07-17,Gynecology,Onco-Gynecology,Hospital-affiliated,4,Kolkata,West Bengal,"Hormones",TRUE,Email,10,0.85,4,"Women's Health",0.87,0.74,0.34,1450,FALSE,0.88
HCP0018,1234567907,Dr. Ashok Bansal,Male,1984-11-11,Neurology,Epilepsy Specialist,Clinic-based,2,Chandigarh,Punjab,"Antiepileptics",TRUE,Phone,6,0.78,3,"Neuro",0.80,0.67,0.40,1150,FALSE,0.85
HCP0019,1234567908,Dr. Deepa Iyer,Female,1992-02-03,General Medicine,Family Medicine,Private Practice,1,Thiruvananthapuram,Kerala,"Antibiotics",TRUE,Email,4,0.58,1,"General Health",0.65,0.52,0.48,750,FALSE,0.81
HCP0020,1234567909,Dr. Rohit Sinha,Male,1972-09-09,Pulmonology,COPD Specialist,Hospital-affiliated,4,Ranchi,Jharkhand,"Bronchodilators",TRUE,Email,9,0.80,4,"Respiratory",0.88,0.76,0.32,1600,FALSE,0.87
HCP0021,1234567910,Dr. Farah Siddiqui,Female,1982-05-10,Cardiology,Pediatric Cardiology,Hospital-affiliated,4,Lucknow,Uttar Pradesh,"Statins",TRUE,Email,9,0.83,4,"Heart Health",0.91,0.77,0.31,1450,FALSE,0.89
HCP0022,1234567911,Dr. Mohan Krishnan,Male,1975-12-01,Endocrinology,Metabolic Disorders,Private Practice,3,Chennai,Tamil Nadu,"Insulin",TRUE,Phone,8,0.70,3,"Diabetes",0.88,0.74,0.36,1300,FALSE,0.87
HCP0023,1234567912,Dr. Nisha Agarwal,Female,1988-07-22,Pediatrics,Developmental Pediatrics,Clinic-based,2,Jaipur,Rajasthan,"Vaccines",TRUE,Email,6,0.68,2,"Child Health",0.73,0.61,0.43,950,FALSE,0.84
HCP0024,1234567913,Dr. Suresh Patil,Male,1979-09-18,Oncology,Hematologic Oncology,Hospital-affiliated,5,Pune,Maharashtra,"Chemotherapy",TRUE,Email,11,0.89,5,"Cancer",0.94,0.83,0.29,1950,FALSE,0.91
HCP0025,1234567914,Dr. Radhika Sen,Female,1983-03-05,Dermatology,Immunodermatology,Private Practice,2,Hyderabad,Telangana,"Topicals",TRUE,Phone,7,0.64,2,"Skin Care",0.66,0.56,0.46,850,FALSE,0.82
HCP0026,1234567915,Dr. Anil Kapoor,Male,1980-11-11,Orthopedics,Trauma Surgery,Hospital-affiliated,3,Bhopal,Madhya Pradesh,"NSAIDs",TRUE,Email,10,0.76,4,"Bone Health",0.86,0.69,0.35,1400,FALSE,0.88
HCP0027,1234567916,Dr. Pooja Ramesh,Female,1991-06-30,Gynecology,Reproductive Endocrinology,Clinic-based,2,Thane,Maharashtra,"Hormones",TRUE,Email,6,0.79,3,"Women's Health",0.77,0.64,0.39,1150,FALSE,0.85
HCP0028,1234567917,Dr. Ravi Shankar,Male,1973-04-25,Neurology,Neurodegenerative Disorders,Hospital-affiliated,4,Delhi,Delhi,"Antiepileptics",TRUE,Phone,12,0.91,6,"Neuro",0.95,0.86,0.27,2100,FALSE,0.93
HCP0029,1234567918,Dr. Swati Deshmukh,Female,1986-08-14,General Medicine,Geriatrics,Private Practice,2,Nagpur,Maharashtra,"Antibiotics",TRUE,Email,5,0.62,2,"General Health",0.74,0.60,0.44,900,FALSE,0.83
HCP0030,1234567919,Dr. Tarun Joshi,Male,1984-02-19,Pulmonology,Allergy Specialist,Clinic-based,1,Ahmedabad,Gujarat,"Bronchodilators",TRUE,Email,4,0.57,1,"Respiratory",0.63,0.51,0.49,750,FALSE,0.80
HCP0031,1234567920,Dr. Shreya Ghosh,Female,1977-10-10,Cardiology,Heart Failure Specialist,Hospital-affiliated,5,Kolkata,West Bengal,"Beta Blockers",TRUE,Email,10,0.84,4,"Heart Health",0.89,0.76,0.32,1500,FALSE,0.88
HCP0032,1234567921,Dr. Deepak Nair,Male,1969-01-01,Endocrinology,Obesity Specialist,Private Practice,3,Kochi,Kerala,"GLP-1",TRUE,Phone,9,0.73,3,"Diabetes",0.84,0.71,0.38,1250,FALSE,0.86
HCP0033,1234567922,Dr. Ananya Rao,Female,1985-05-15,Pediatrics,Pediatric Neurology,Clinic-based,2,Bengaluru,Karnataka,"Vaccines",TRUE,Email,6,0.67,2,"Child Health",0.71,0.59,0.42,920,FALSE,0.82
HCP0034,1234567923,Dr. Harish Kulkarni,Male,1972-07-07,Oncology,Breast Oncology,Hospital-affiliated,5,Mumbai,Maharashtra,"Chemotherapy",TRUE,Email,13,0.93,6,"Cancer",0.97,0.89,0.28,2200,FALSE,0.94
HCP0035,1234567924,Dr. Ishita Mehta,Female,1980-12-20,Dermatology,Clinical Dermatology,Private Practice,2,Surat,Gujarat,"Retinoids",TRUE,Phone,8,0.65,2,"Skin Care",0.69,0.57,0.45,870,FALSE,0.81
HCP0036,1234567925,Dr. Arvind Singh,Male,1988-09-09,Orthopedics,Sports Medicine,Hospital-affiliated,3,Indore,Madhya Pradesh,"Painkillers",TRUE,Email,9,0.74,3,"Joint Health",0.81,0.67,0.37,1350,FALSE,0.86
HCP0037,1234567926,Dr. Bhavna Jain,Female,1976-06-06,Gynecology,Urogynecology,Hospital-affiliated,4,Patna,Bihar,"Hormones",TRUE,Email,10,0.86,4,"Women's Health",0.85,0.72,0.33,1400,FALSE,0.87
HCP0038,1234567927,Dr. Gaurav Mishra,Male,1983-03-03,Neurology,Movement Disorders,Clinic-based,2,Chandigarh,Punjab,"Antiepileptics",TRUE,Phone,7,0.79,3,"Neuro",0.79,0.66,0.41,1200,FALSE,0.84
HCP0039,1234567928,Dr. Rekha Pillai,Female,1993-01-17,General Medicine,Preventive Medicine,Private Practice,1,Thiruvananthapuram,Kerala,"Antibiotics",TRUE,Email,4,0.59,1,"General Health",0.67,0.53,0.47,780,FALSE,0.80
HCP0040,1234567929,Dr. Ajay Verma,Male,1971-08-08,Pulmonology,Interstitial Lung Disease,Hospital-affiliated,4,Ranchi,Jharkhand,"Bronchodilators",TRUE,Email,9,0.82,4,"Respiratory",0.87,0.75,0.31,1550,FALSE,0.86
HCP0041,1234567930,Dr. Leena Thomas,Female,1984-04-12,Cardiology,Preventive Cardiology,Hospital-affiliated,4,Ernakulam,Kerala,"Statins",TRUE,Email,9,0.82,4,"Heart Health",0.90,0.76,0.33,1450,FALSE,0.88
HCP0042,1234567931,Dr. Nitin Reddy,Male,1976-06-21,Endocrinology,Lipid Disorders,Private Practice,3,Visakhapatnam,Andhra Pradesh,"Statins",TRUE,Phone,8,0.69,3,"Diabetes",0.86,0.73,0.37,1300,FALSE,0.86
HCP0043,1234567932,Dr. Rupal Shah,Female,1989-11-03,Pediatrics,Allergy & Immunology,Clinic-based,2,Nashik,Maharashtra,"Vaccines",TRUE,Email,6,0.66,2,"Child Health",0.72,0.60,0.42,940,FALSE,0.83
HCP0044,1234567933,Dr. Aditya Malhotra,Male,1981-08-17,Oncology,Gastrointestinal Oncology,Hospital-affiliated,5,Noida,Uttar Pradesh,"Chemotherapy",TRUE,Email,12,0.88,5,"Cancer",0.93,0.82,0.30,1900,FALSE,0.90
HCP0045,1234567934,Dr. Smita Kulkarni,Female,1978-02-26,Dermatology,Trichology,Private Practice,2,Nagpur,Maharashtra,"Topicals",TRUE,Phone,7,0.63,2,"Skin Care",0.67,0.55,0.47,860,FALSE,0.81
HCP0046,1234567935,Dr. Arjun Desai,Male,1983-10-10,Orthopedics,Hand Surgery,Hospital-affiliated,3,Surat,Gujarat,"NSAIDs",TRUE,Email,10,0.75,4,"Bone Health",0.85,0.68,0.36,1380,FALSE,0.87
HCP0047,1234567936,Dr. Meenakshi Rao,Female,1990-05-05,Gynecology,Menopause Specialist,Clinic-based,2,Hubli,Karnataka,"Hormones",TRUE,Email,6,0.78,3,"Women's Health",0.76,0.63,0.40,1120,FALSE,0.84
HCP0048,1234567937,Dr. Ramesh Iyer,Male,1974-12-12,Neurology,Neuroimmunology,Hospital-affiliated,4,Chennai,Tamil Nadu,"Antiepileptics",TRUE,Phone,11,0.89,6,"Neuro",0.94,0.85,0.28,2050,FALSE,0.92
HCP0049,1234567938,Dr. Anuja Bhatt,Female,1987-07-07,General Medicine,Community Medicine,Private Practice,2,Ahmedabad,Gujarat,"Antibiotics",TRUE,Email,5,0.61,2,"General Health",0.75,0.62,0.43,910,FALSE,0.82
HCP0050,1234567939,Dr. Kunal Sinha,Male,1985-03-03,Pulmonology,Tuberculosis Specialist,Clinic-based,1,Raipur,Chhattisgarh,"Bronchodilators",TRUE,Email,4,0.56,1,"Respiratory",0.62,0.50,0.50,740,FALSE,0.79
HCP0051,1234567940,Dr. Neeta Ghosh,Female,1979-09-09,Cardiology,Arrhythmia Specialist,Hospital-affiliated,5,Kolkata,West Bengal,"Beta Blockers",TRUE,Email,10,0.83,4,"Heart Health",0.88,0.74,0.34,1480,FALSE,0.87
HCP0052,1234567941,Dr. Prakash Shetty,Male,1970-01-01,Endocrinology,Adrenal Disorders,Private Practice,3,Mangalore,Karnataka,"Steroids",TRUE,Phone,9,0.72,3,"Diabetes",0.83,0.70,0.39,1220,FALSE,0.85
HCP0053,1234567942,Dr. Shruti Nair,Female,1986-06-06,Pediatrics,Pediatric Cardiology,Clinic-based,2,Thiruvananthapuram,Kerala,"Vaccines",TRUE,Email,6,0.65,2,"Child Health",0.70,0.58,0.44,930,FALSE,0.81
HCP0054,1234567943,Dr. Manoj Bhat,Male,1973-04-04,Oncology,Urologic Oncology,Hospital-affiliated,5,Bengaluru,Karnataka,"Chemotherapy",TRUE,Email,13,0.92,6,"Cancer",0.96,0.87,0.27,2150,FALSE,0.93
HCP0055,1234567944,Dr. Vandana Joshi,Female,1982-12-12,Dermatology,Photodermatology,Private Practice,2,Indore,Madhya Pradesh,"Retinoids",TRUE,Phone,8,0.64,2,"Skin Care",0.68,0.56,0.46,880,FALSE,0.80
HCP0056,1234567945,Dr. Sandeep Kumar,Male,1989-08-08,Orthopedics,Pediatric Orthopedics,Hospital-affiliated,3,Kanpur,Uttar Pradesh,"Painkillers",TRUE,Email,9,0.73,3,"Joint Health",0.80,0.66,0.38,1320,FALSE,0.85
HCP0057,1234567946,Dr. Jyoti Mishra,Female,1975-02-02,Gynecology,High-Risk Pregnancy,Hospital-affiliated,4,Varanasi,Uttar Pradesh,"Hormones",TRUE,Email,10,0.84,4,"Women's Health",0.84,0.71,0.35,1420,FALSE,0.86
HCP0058,1234567947,Dr. Abhay Kulkarni,Male,1984-10-10,Neurology,Neurocritical Care,Clinic-based,2,Nagpur,Maharashtra,"Antiepileptics",TRUE,Phone,7,0.77,3,"Neuro",0.78,0.65,0.42,1180,FALSE,0.83
HCP0059,1234567948,Dr. Reema Das,Female,1992-01-01,General Medicine,Occupational Health,Private Practice,1,Guwahati,Assam,"Antibiotics",TRUE,Email,4,0.58,1,"General Health",0.66,0.52,0.48,770,FALSE,0.79
HCP0060,1234567949,Dr. Ashwin Rao,Male,1972-07-07,Pulmonology,Sleep Medicine,Hospital-affiliated,4,Bhubaneswar,Odisha,"Bronchodilators",TRUE,Email,9,0.81,4,"Respiratory",0.86,0.74,0.32,1580,FALSE,0.85
HCP0061,1234567950,Dr. Kavya Nair,Female,1985-05-05,Cardiology,Cardiac Imaging,Hospital-affiliated,4,Kochi,Kerala,"Statins",TRUE,Email,9,0.81,4,"Heart Health",0.89,0.75,0.34,1460,FALSE,0.87
HCP0062,1234567951,Dr. Rohan Deshmukh,Male,1977-03-03,Endocrinology,Diabetes Technology,Private Practice,3,Pune,Maharashtra,"Insulin",TRUE,Phone,8,0.68,3,"Diabetes",0.85,0.72,0.38,1280,FALSE,0.86
HCP0063,1234567952,Dr. Sneha Iyer,Female,1990-07-07,Pediatrics,Pediatric Infectious Diseases,Clinic-based,2,Thane,Maharashtra,"Vaccines",TRUE,Email,6,0.67,2,"Child Health",0.71,0.59,0.43,930,FALSE,0.83
HCP0064,1234567953,Dr. Amitabh Verma,Male,1982-09-09,Oncology,Thoracic Oncology,Hospital-affiliated,5,Delhi,Delhi,"Chemotherapy",TRUE,Email,12,0.87,5,"Cancer",0.92,0.81,0.31,1920,FALSE,0.90
HCP0065,1234567954,Dr. Priya Kulkarni,Female,1979-01-01,Dermatology,Contact Dermatitis,Private Practice,2,Mumbai,Maharashtra,"Topicals",TRUE,Phone,7,0.62,2,"Skin Care",0.66,0.54,0.48,870,FALSE,0.80
HCP0066,1234567955,Dr. Suresh Reddy,Male,1984-06-06,Orthopedics,Foot and Ankle Surgery,Hospital-affiliated,3,Hyderabad,Telangana,"NSAIDs",TRUE,Email,10,0.74,4,"Bone Health",0.84,0.67,0.37,1360,FALSE,0.86
HCP0067,1234567956,Dr. Anjali Menon,Female,1991-02-02,Gynecology,Fetal Medicine,Clinic-based,2,Kozhikode,Kerala,"Hormones",TRUE,Email,6,0.77,3,"Women's Health",0.75,0.62,0.41,1140,FALSE,0.84
HCP0068,1234567957,Dr. Rajesh Sharma,Male,1975-08-08,Neurology,Neurogenetics,Hospital-affiliated,4,Jaipur,Rajasthan,"Antiepileptics",TRUE,Phone,11,0.88,6,"Neuro",0.93,0.84,0.29,2080,FALSE,0.92
HCP0069,1234567958,Dr. Meera Joshi,Female,1986-04-04,General Medicine,Hospital Medicine,Private Practice,2,Nagpur,Maharashtra,"Antibiotics",TRUE,Email,5,0.60,2,"General Health",0.74,0.61,0.44,920,FALSE,0.82
HCP0070,1234567959,Dr. Karan Patel,Male,1983-12-12,Pulmonology,Respiratory Therapy,Clinic-based,1,Ahmedabad,Gujarat,"Bronchodilators",TRUE,Email,4,0.55,1,"Respiratory",0.61,0.49,0.51,730,FALSE,0.78
HCP0071,1234567960,Dr. Neha Sinha,Female,1978-10-10,Cardiology,Cardiac Rehabilitation,Hospital-affiliated,5,Kolkata,West Bengal,"Beta Blockers",TRUE,Email,10,0.82,4,"Heart Health",0.87,0.73,0.35,1490,FALSE,0.86
HCP0072,1234567961,Dr. Deepak Rao,Male,1971-07-07,Endocrinology,Reproductive Endocrinology,Private Practice,3,Bengaluru,Karnataka,"Hormones",TRUE,Phone,9,0.71,3,"Diabetes",0.82,0.69,0.40,1240,FALSE,0.85
HCP0073,1234567962,Dr. Ritu Jain,Female,1987-03-03,Pediatrics,Pediatric Pulmonology,Clinic-based,2,Bhopal,Madhya Pradesh,"Vaccines",TRUE,Email,6,0.64,2,"Child Health",0.69,0.57,0.45,910,FALSE,0.81
HCP0074,1234567963,Dr. Manish Gupta,Male,1974-05-05,Oncology,Head and Neck Oncology,Hospital-affiliated,5,Patna,Bihar,"Chemotherapy",TRUE,Email,13,0.91,6,"Cancer",0.95,0.86,0.28,2180,FALSE,0.93
HCP0075,1234567964,Dr. Ishita Reddy,Female,1981-11-11,Dermatology,Autoimmune Skin Disorders,Private Practice,2,Visakhapatnam,Andhra Pradesh,"Retinoids",TRUE,Phone,8,0.63,2,"Skin Care",0.67,0.55,0.47,890,FALSE,0.80
HCP0076,1234567965,Dr. Arvind Joshi,Male,1988-09-09,Orthopedics,Orthopedic Oncology,Hospital-affiliated,3,Indore,Madhya Pradesh,"Painkillers",TRUE,Email,9,0.72,3,"Joint Health",0.79,0.65,0.39,1340,FALSE,0.85
HCP0077,1234567966,Dr. Bhavna Mehta,Female,1976-06-06,Gynecology,Minimally Invasive Surgery,Hospital-affiliated,4,Chandigarh,Punjab,"Hormones",TRUE,Email,10,0.83,4,"Women's Health",0.83,0.70,0.36,1440,FALSE,0.86
HCP0078,1234567967,Dr. Gaurav Singh,Male,1983-03-03,Neurology,Neuropsychiatry,Clinic-based,2,Lucknow,Uttar Pradesh,"Antiepileptics",TRUE,Phone,7,0.76,3,"Neuro",0.77,0.64,0.43,1160,FALSE,0.83
HCP0079,1234567968,Dr. Rekha Menon,Female,1993-01-01,General Medicine,Travel Medicine,Private Practice,1,Thiruvananthapuram,Kerala,"Antibiotics",TRUE,Email,4,0.57,1,"General Health",0.65,0.51,0.49,760,FALSE,0.79
HCP0080,1234567969,Dr. Ajay Kulkarni,Male,1972-02-02,Pulmonology,Occupational Lung Disease,Hospital-affiliated,4,Ranchi,Jharkhand,"Bronchodilators",TRUE,Email,9,0.80,4,"Respiratory",0.85,0.73,0.33,1570,FALSE,0.85
HCP0081,1234567970,Dr. Aarti Sharma,Female,1986-03-03,Cardiology,Heart Transplant,Hospital-affiliated,5,Delhi,Delhi,"Statins",TRUE,Email,10,0.84,4,"Heart Health",0.91,0.77,0.32,1500,FALSE,0.88
HCP0082,1234567971,Dr. Nikhil Rao,Male,1979-11-11,Endocrinology,Diabetes Educator,Private Practice,3,Chennai,Tamil Nadu,"Insulin",TRUE,Phone,8,0.70,3,"Diabetes",0.87,0.74,0.36,1320,FALSE,0.87
HCP0083,1234567972,Dr. Rina Desai,Female,1991-07-07,Pediatrics,Pediatric Oncology,Clinic-based,2,Ahmedabad,Gujarat,"Vaccines",TRUE,Email,6,0.66,2,"Child Health",0.73,0.61,0.42,950,FALSE,0.84
HCP0084,1234567973,Dr. Arvind Menon,Male,1983-09-09,Oncology,Immuno-Oncology,Hospital-affiliated,5,Bengaluru,Karnataka,"Chemotherapy",TRUE,Email,12,0.90,5,"Cancer",0.95,0.84,0.30,1980,FALSE,0.91
HCP0085,1234567974,Dr. Swati Iyer,Female,1980-01-01,Dermatology,Psoriasis Specialist,Private Practice,2,Pune,Maharashtra,"Topicals",TRUE,Phone,7,0.65,2,"Skin Care",0.68,0.56,0.46,880,FALSE,0.82
HCP0086,1234567975,Dr. Ramesh Kulkarni,Male,1985-06-06,Orthopedics,Arthroscopy,Hospital-affiliated,3,Nagpur,Maharashtra,"NSAIDs",TRUE,Email,10,0.76,4,"Bone Health",0.86,0.69,0.35,1400,FALSE,0.88
HCP0087,1234567976,Dr. Meena Reddy,Female,1992-02-02,Gynecology,Adolescent Gynecology,Clinic-based,2,Hyderabad,Telangana,"Hormones",TRUE,Email,6,0.79,3,"Women's Health",0.77,0.64,0.39,1160,FALSE,0.85
HCP0088,1234567977,Dr. Sanjay Bhat,Male,1976-12-12,Neurology,Neurovascular Medicine,Hospital-affiliated,4,Mysuru,Karnataka,"Antiepileptics",TRUE,Phone,11,0.89,6,"Neuro",0.94,0.85,0.28,2100,FALSE,0.92
HCP0089,1234567978,Dr. Anjali Ghosh,Female,1988-08-08,General Medicine,Internal Medicine,Private Practice,2,Kolkata,West Bengal,"Antibiotics",TRUE,Email,5,0.62,2,"General Health",0.76,0.63,0.43,940,FALSE,0.83
HCP0090,1234567979,Dr. Kunal Verma,Male,1984-04-04,Pulmonology,Allergy & Asthma,Clinic-based,1,Jaipur,Rajasthan,"Bronchodilators",TRUE,Email,4,0.56,1,"Respiratory",0.63,0.51,0.50,760,FALSE,0.80
HCP0091,1234567980,Dr. Neha Kapoor,Female,1977-10-10,Cardiology,Electrophysiology,Hospital-affiliated,5,Indore,Madhya Pradesh,"Beta Blockers",TRUE,Email,10,0.85,4,"Heart Health",0.90,0.76,0.33,1520,FALSE,0.89
HCP0092,1234567981,Dr. Pranav Shetty,Male,1972-01-01,Endocrinology,Thyroid Disorders,Private Practice,3,Mangalore,Karnataka,"Thyroid Hormones",TRUE,Phone,9,0.73,3,"Thyroid",0.84,0.71,0.37,1260,FALSE,0.88
HCP0093,1234567982,Dr. Ritu Sen,Female,1987-05-05,Pediatrics,Child Psychiatry,Clinic-based,2,Bhopal,Madhya Pradesh,"Vaccines",TRUE,Email,6,0.65,2,"Adolescent Health",0.72,0.60,0.44,920,FALSE,0.83
HCP0094,1234567983,Dr. Manoj Tiwari,Male,1973-03-03,Oncology,Genitourinary Oncology,Hospital-affiliated,5,Patna,Bihar,"Chemotherapy",TRUE,Email,13,0.92,6,"Cancer",0.96,0.87,0.27,2200,FALSE,0.94
HCP0095,1234567984,Dr. Vandana Pillai,Female,1982-11-11,Dermatology,Phototherapy,Private Practice,2,Thiruvananthapuram,Kerala,"Topicals",TRUE,Phone,8,0.64,2,"Skin Care",0.69,0.57,0.45,870,FALSE,0.81
HCP0096,1234567985,Dr. Sandeep Mehta,Male,1989-09-09,Orthopedics,Spinal Disorders,Hospital-affiliated,3,Chandigarh,Punjab,"Painkillers",TRUE,Email,9,0.74,3,"Spine Health",0.82,0.68,0.38,1350,FALSE,0.86
HCP0097,1234567986,Dr. Jyoti Rao,Female,1975-06-06,Gynecology,Onco-Gynecology,Hospital-affiliated,4,Lucknow,Uttar Pradesh,"Hormones",TRUE,Email,10,0.85,4,"Women's Health",0.87,0.74,0.34,1450,FALSE,0.88
HCP0098,1234567987,Dr. Abhay Das,Male,1983-03-03,Neurology,Neurodevelopmental Disorders,Clinic-based,2,Guwahati,Assam,"Antiepileptics",TRUE,Phone,7,0.78,3,"Neuro",0.80,0.67,0.40,1180,FALSE,0.85
HCP0099,1234567988,Dr. Reema Jain,Female,1993-01-01,General Medicine,Family Medicine,Private Practice,1,Shimla,Himachal Pradesh,"Antibiotics",TRUE,Email,4,0.58,1,"General Health",0.66,0.52,0.48,780,FALSE,0.80
HCP0100,1234567989,Dr. Ajay Sinha,Male,1971-02-02,Pulmonology,Interstitial Lung Disease,Hospital-affiliated,4,Bhubaneswar,Odisha,"Bronchodilators",TRUE,Email,9,0.82,4,"Respiratory",0.88,0.76,0.32,1600,FALSE,0.87
