,Invoice ID,Patient ID,Billing Date,Billed Amount,Payment Method
0,INV001,P001,16-09-2025,45000,Insurance
1,INV002,P002,26-08-2025,120000,Insurance
2,INV003,P003,06-07-2025,12000,Credit Card
3,INV004,P004,28-06-2025,85000,Insurance
5,INV006,P001,17-09-2025,15000,Insurance
6,INV007,P002,27-08-2025,8000,Cash
7,INV008,P003,08-07-2025,5000,UPI
8,INV009,P004,29-06-2025,40000,Insurance
16,INV017,P012,05-02-2025,48000,Insurance
18,INV019,P014,06-01-2025,27000,Credit Card
19,INV020,P015,07-01-2025,40000,Insurance
22,INV023,P018,19-09-2025,15000,Credit Card
28,INV029,P024,04-09-2025,88000,Insurance
33,INV034,P029,22-08-2025,21000,Insurance
48,INV049,P044,13-07-2025,32000,Insurance
55,INV056,P001,18-09-2025,12000,Insurance
56,INV057,P002,28-08-2025,9500,Credit Card
57,INV058,P003,09-07-2025,6000,Cash
58,INV059,P004,30-06-2025,30000,Insurance
66,INV067,P012,06-02-2025,52000,Insurance
68,INV069,P014,07-01-2025,29000,Credit Card
69,INV070,P015,08-01-2025,42000,Insurance
71,INV072,P017,22-09-2025,9000,Cash
72,INV073,P018,20-09-2025,16000,Credit Card
78,INV079,P024,05-09-2025,90000,Insurance