Patient ID,Consultation Date,Admission Date,Discharge Date,Clinical Note,Diagnosis,Physician
P001,10-09-2025,12-09-2025,15-09-2025,"Fatigue, weight loss, hypercalcemia. Suspected parathyroid adenoma.",Endocrine disorder,Dr. A. Sen
P002,22-08-2025,23-08-2025,25-08-2025,STEMI treated with PCI and stent. On dual antiplatelet therapy.,Cardiac infarction,Dr. R. Mehta
P003,05-07-2025,,," ""Type 2 diabetes  HbA1c 8.2%. Prescribed metformin.""",Diabetes mellitus,Dr. S. Roy
P004,18-06-2025,20-06-2025,27-06-2025,KRAS G12D mutation in metastatic CRC. No prior anti-EGFR therapy.,Colorectal cancer,Dr. T. Das
P012,01-02-2025,02-02-2025,04-02-2025,Multiple myeloma suspected. Elevated serum protein.,Hematologic malignancy,Dr. C. Khan
P014,05-01-2025,,," ""Acute pancreatitis. Elevated lipase and abdominal pain.""",Pancreatitis,Dr. V. Rao
P015,04-01-2025,,," ""Dyspnea and effort angina. ECG shows ST depression.""",Coronary artery disease,Dr. J. Wilson
P017,20-09-2025,,," ""Psoriatic plaques on elbows and knees. Started topical steroids.""",Psoriasis,Dr. S. Roy
P018,18-09-2025,19-09-2025,21-09-2025,Epigastric pain and melena. Suspected gastric ulcer.,Peptic ulcer,Dr. R. Mehta
P024,02-09-2025,03-09-2025,06-09-2025,KRAS G12D mutation in metastatic CRC. No prior anti-EGFR therapy.,Colorectal cancer,Dr. H. Banerjee
P029,20-08-2025,21-08-2025,23-08-2025,"Fever, night sweats, weight loss. TB suspected.",Tuberculosis,Dr. E. Bose
P044,12-07-2025,,," ""COPD exacerbation. Nebulized bronchodilators administered.""",Chronic obstructive pulmonary disease,Dr. S. Mukherjee