Patient ID,Name,Address,Income,Occupation,Education Level
P001,Uday Das,"33 MG Road, Kolkata",1161454,Artist,Graduate
P002,Ravi Mehta,"29 Station Road, Chennai",1731058,Retired,PhD
P003,Ravi Sen,"34 Park Street, Kolkata",1681452,Lawyer,Postgraduate
P004,Tanya Patel,"48 Park Street, Kolkata",1931615,Student,PhD
P012,Tanya Sen,"83 MG Road, Chennai",1718225,Student,PhD
P014,Ravi Sen,"55 Park Street, Hyderabad",526319,Doctor,Graduate
P015,Nisha Patel,"89 Station Road, Kolkata",1204986,Retired,Postgraduate
P017,Nisha Mehta,"65 Station Road, Bangalore",1126978,Artist,Diploma
P018,Ravi Das,"98 Garden Lane, Hyderabad",1980639,Artist,PhD
P024,Nisha Patel,"6 Park Street, Kolkata",1490873,Lawyer,Diploma
P029,Tanya Sharma,"29 Hill View, Delhi",860687,Doctor,Graduate
P044,Uday Joshi,"29 Lake Road, Kolkata",1539717,Teacher,Diploma