Entity,Attribute,Data Type,Description
territory,territory_id,VARCHAR(50),Unique identifier for the territory
territory,name,VARCHAR(100),Name of the territory
territory,region,VARCHAR(100),Geographic region of the territory

healthcare_professional,hcp_id,VARCHAR(50),Unique identifier for the healthcare professional (e.g., NPI or internal ID)
healthcare_professional,full_name,VARCHAR(255),Full name of the HCP
healthcare_professional,specialty,VARCHAR(100),Medical specialty of the HCP
healthcare_professional,email,VARCHAR(255),Email address of the HCP
healthcare_professional,phone,VARCHAR(50),Phone number of the HCP
healthcare_professional,territory_id,VARCHAR(50),Foreign key to assigned territory

healthcare_organization,hco_id,VARCHAR(50),Unique identifier for the healthcare organization
healthcare_organization,name,VARCHAR(255),Name of the healthcare organization
healthcare_organization,type,VARCHAR(100),Type of HCO (e.g., hospital, clinic)
healthcare_organization,address,TEXT,Address of the HCO

affiliation,affiliation_id,SERIAL,Primary key for the affiliation record
affiliation,hcp_id,VARCHAR(50),Foreign key to the HCP
affiliation,hco_id,VARCHAR(50),Foreign key to the HCO
affiliation,role,VARCHAR(100),Role of the HCP at the HCO (e.g., attending, consultant)
affiliation,start_date,DATE,Start date of the affiliation
affiliation,end_date,DATE,End date of the affiliation

product,product_id,VARCHAR(50),Unique identifier for the product
product,product_name,VARCHAR(255),Commercial name of the product
product,product_code,VARCHAR(100),Internal or regulatory product code
product,therapeutic_area,VARCHAR(100),Therapeutic area the product belongs to

interaction,interaction_id,SERIAL,Primary key for the interaction record
interaction,hcp_id,VARCHAR(50),Foreign key to the HCP involved in the interaction
interaction,interaction_type,VARCHAR(100),Type of interaction (e.g., call, email, visit)
interaction,interaction_date,TIMESTAMP,Date and time of the interaction
interaction,product_id,VARCHAR(50),Foreign key to the product discussed
interaction,notes,TEXT,Free-text notes about the interaction

prescription,prescription_id,SERIAL,Primary key for the prescription record
prescription,hcp_id,VARCHAR(50),Foreign key to the prescribing HCP
prescription,product_id,VARCHAR(50),Foreign key to the prescribed product
prescription,rx_volume,INTEGER,Quantity of the product prescribed
prescription,rx_date,DATE,Date the prescription was issued

consent_record,consent_id,SERIAL,Primary key for the consent record
consent_record,hcp_id,VARCHAR(50),Foreign key to the HCP
consent_record,consent_status,BOOLEAN,Whether the HCP has opted in (true) or out (false)
consent_record,consent_date,DATE,Date of consent or opt-out

transfer_of_value,tov_id,SERIAL,Primary key for the transfer of value record
transfer_of_value,hcp_id,VARCHAR(50),Foreign key to the HCP
transfer_of_value,amount,DECIMAL(12,2),Monetary value transferred to the HCP
transfer_of_value,purpose,VARCHAR(255),Purpose of the transfer (e.g., honoraria, travel)
transfer_of_value,transfer_date,DATE,Date of the transfer