"Table Name","Description"
"Account","Stores master data for HCPs and HCOs including name, specialty, NPI, and type. This is the central entity for CRM, engagement, compliance, and analytics. Links to calls, orders, events, surveys, and consent records."
"Address","Captures physical location details for HCPs and HCOs. Enables territory alignment, geospatial analytics, and delivery logistics. Linked to Account."
"Territory2","Defines sales territories for reps and MSLs. Used in alignment, quota planning, and performance tracking. Connected to TSF and Sales Plan."
"TSF","Maps Accounts to Territories with share percentages. Critical for multi-territory attribution, incentive compensation, and rep performance modeling."
"User","Stores metadata about CRM users (sales reps, MSLs). Used for attribution, activity tracking, and compliance. Linked to Call, Event, and Call Plan."
"Product","Master data for commercial and sample products. Central to detailing, sampling, ordering, and scientific engagement. Linked to Call, Order, Event, Survey."
"Call","Captures rep interactions with HCPs. Core to engagement analytics, call frequency modeling, and rep effectiveness. Linked to Account, User, Call2_Detail, Call2_Sample."
"Call2_Detail","Tracks products detailed during a Call. Used for message delivery analysis and product focus tracking. Linked to Call and Product."
"Call2_Sample","Tracks samples dropped during a Call. Critical for compliance, inventory planning, and sample ROI analysis. Linked to Call and Product."
"Call2_Key_Message","Captures key messages delivered during a Call. Valuable for NLP, sentiment analysis, and message effectiveness modeling."
"Consent","Tracks HCP consent for communications. Essential for GDPR compliance, campaign eligibility, and audit trails. Linked to Account."
"Event","Stores metadata for scientific and promotional events. Used in engagement analytics, KOL mapping, and compliance. Linked to Event_Attendee, Event_Product."
"Event_Attendee","Links HCPs to events they attended or spoke at. Supports influence modeling, speaker bureau analysis, and scientific engagement tracking."
"Sample_Order__c","Custom object for sample product requests. Used in compliance workflows, inventory forecasting, and engagement modeling. Linked to Account and Product."
"Order__c","Custom object for commercial orders. Central to revenue analytics, fulfillment tracking, and channel mix analysis. Linked to Account and Product."
"Transfer_of_Value__c","Tracks financial transfers to HCPs (e.g., honoraria, travel). Required for transparency reporting and influence modeling. Linked to Account."
"Medical_Inquiry__c","Captures HCP medical questions or requests. Valuable for scientific engagement, content planning, and NLP-based insight extraction."
"Digital_Engagement__c","Logs email, webinar, and remote interactions. Supports digital channel analytics, rep effectiveness, and omnichannel strategy."
"Activity_History","Standard Salesforce object for historical activities. Used in engagement timelines, audit trails, and rep performance analysis."
"hcp_account","Link table for HCPs placing orders. Supports order attribution, license validation, and compliance workflows. Linked to Account and Order."
"order_header","Stores high-level order details including status, channel, and HCP. Central to order-to-cash lifecycle and fulfillment analytics."
"order_line","Captures line-level product details in an order. Used for revenue breakdown, product mix analysis, and forecasting."
"inventory_location","Defines warehouses or depots. Supports logistics, delivery planning, and inventory optimization."
"inventory_balance","Tracks stock levels per product per location. Critical for supply chain analytics, sample availability, and order fulfillment."
"shipment","Stores shipment metadata including carrier and delivery status. Used in logistics tracking, SLA monitoring, and customer experience analysis."
"shipment_line","Captures product-level shipment quantities. Linked to shipment and product; used in delivery confirmation and inventory reconciliation."
"invoice","Stores billing details for orders. Used in financial reporting, payment tracking, and revenue recognition."
"payment","Captures payment records linked to invoices. Supports cash flow analysis, aging reports, and financial compliance."
"order_status_history","Tracks status changes for orders. Enables pipeline analysis, fulfillment monitoring, and exception handling."
"sample_order","Captures sample orders with compliance sensitivity. Used in regulatory audits, rep activity tracking, and inventory planning."
"controlled_substance_flag","Flags DEA-regulated or restricted products. Critical for compliance, eligibility checks, and audit readiness."
"order_compliance_check","Stores audit trail for sample eligibility and regulatory checks. Supports compliance analytics and exception reporting."
"product_pricing","Defines contract-based or tiered pricing. Used in revenue modeling, discount analysis, and pricing strategy."
"hcp_license_validation","Validates HCP license before sample or controlled product shipment. Essential for regulatory compliance and eligibility enforcement."
"order_channel","Captures channel of order (e.g., eCommerce, rep-assisted). Used in channel mix analysis, digital adoption, and segmentation."
"return_order","Tracks returned products and reasons. Supports reverse logistics, dissatisfaction analysis, and quality control."
"order_attachment","Stores supporting documents for orders. Used in compliance workflows, audit trails, and document classification."
"sales_plan","Defines annual or quarterly sales goals by territory or product. Used in forecasting, quota setting, and performance benchmarking."
"sales_target","Captures HCP-level targeting including decile and visit frequency. Critical for segmentation, rep planning, and influence modeling."
"call_plan","Stores planned rep visits to HCPs. Used in cadence modeling, rep scheduling, and call adherence tracking."
"segmentation","Tags HCPs with strategic segments (e.g., high potential, early adopter). Used in targeting, personalization, and campaign logic."
"reach_frequency","Compares planned vs actual engagement. Enables rep effectiveness analysis, coverage modeling, and territory optimization."
"sales_forecast","Projects future sales by product or territory. Used in planning, supply chain alignment, and variance analysis."