Table Name,Column Name,Data Type,Description
Account,account_id,VARCHAR(50),"Unique identifier for HCP or HCO; critical for entity resolution, segmentation, and linking across domains; foundational for analytics and graph modeling."
Account,name,VARCHAR(255),"Full name of the HCP or organization; useful for display, matching, and NLP-based search; relevant for personalization and clustering."
Account,specialty,VARCHAR(100),"Medical specialty of the HCP; key for targeting, segmentation, and therapeutic area analysis; highly relevant for predictive modeling."
Account,npi,VARCHAR(50),"National Provider Identifier; essential for compliance, external data matching, and regulatory reporting; useful for deduplication and graph joins."
Account,type,VARCHAR(50),"Indicates whether the entity is a person or business; important for filtering, role-based analytics, and downstream logic in engagement models."
Address,address_id,SERIAL,Primary key for address records; useful for geospatial analytics and territory alignment.
Address,account_id,VARCHAR(50),Foreign key linking address to Account; enables location-based segmentation and rep routing optimization.
Address,street,VARCHAR(255),Street-level detail; relevant for delivery logistics and geocoding.
Address,city,VARCHAR(100),City name; useful for regional analysis and clustering.
Address,state,VARCHAR(100),"State or province; important for compliance, territory planning, and regional rollups."
Address,zip,VARCHAR(20),Postal code; enables fine-grained location analytics and demographic enrichment.
Address,country,VARCHAR(100),Country name; critical for global segmentation and regulatory logic.
Territory2,territory_id,VARCHAR(50),"Unique identifier for sales territory; core to rep alignment, quota planning, and performance tracking."
Territory2,name,VARCHAR(100),Territory name; used in dashboards and reporting.
Territory2,region,VARCHAR(100),Geographic region; supports rollups and regional analytics.
TSF,tsf_id,SERIAL,Primary key for Territory Share records; enables multi-territory attribution and share-of-voice calculations.
TSF,territory_id,VARCHAR(50),Foreign key to Territory2; links territory to shared accounts.
TSF,account_id,VARCHAR(50),Foreign key to Account; used in territory overlap analysis.
TSF,share_percent,"DECIMAL(5,2)",Percentage share of account in territory; critical for incentive compensation and rep performance modeling.
User,user_id,VARCHAR(50),"Unique identifier for CRM user (rep, MSL); essential for attribution, activity tracking, and compliance."
User,full_name,VARCHAR(255),Full name of the user; used in reporting and audit trails.
User,role,VARCHAR(100),"User role (e.g., Sales Rep, MSL); important for engagement modeling and channel analysis."
User,email,VARCHAR(255),Email address; used for communication and system integration.
Product,product_id,VARCHAR(50),"Unique product identifier; foundational for sales, marketing, and compliance analytics."
Product,product_name,VARCHAR(255),Commercial name of the product; used in dashboards and NLP-based search.
Product,product_code,VARCHAR(100),Internal or regulatory product code; important for sample tracking and regulatory reporting.
Product,therapeutic_area,VARCHAR(100),"Therapeutic area classification; critical for segmentation, targeting, and scientific engagement analytics."
Call,call_id,VARCHAR(50),Unique identifier for rep-HCP interaction; central to engagement analytics and call frequency modeling.
Call,account_id,VARCHAR(50),Foreign key to Account; links call to HCP.
Call,user_id,VARCHAR(50),Foreign key to User; enables rep-level performance tracking.
Call,call_date,TIMESTAMP,Date and time of the interaction; used in time-series analysis and cadence modeling.
Call,call_type,VARCHAR(100),"Type of call (e.g., face-to-face, remote); relevant for channel mix analysis and rep effectiveness."
Call2_Detail,detail_id,SERIAL,Primary key for product detail records; used to track messaging and product focus.
Call2_Detail,call_id,VARCHAR(50),Foreign key to Call; links detail to interaction.
Call2_Detail,product_id,VARCHAR(50),Foreign key to Product; enables product-level engagement analysis.
Call2_Detail,message,VARCHAR(255),Key message delivered; useful for NLP and message effectiveness modeling.
Call2_Sample,sample_id,SERIAL,Primary key for sample drop records; critical for compliance and sample ROI analysis.
Call2_Sample,call_id,VARCHAR(50),Foreign key to Call; links sample to interaction.
Call2_Sample,product_id,VARCHAR(50),Foreign key to Product; used in sample tracking and forecasting.
Call2_Sample,quantity,INTEGER,Quantity of samples dropped; relevant for inventory planning and engagement value modeling.
Call2_Key_Message,message_id,SERIAL,Primary key for key message records; supports message tracking and NLP analysis.
Call2_Key_Message,call_id,VARCHAR(50),Foreign key to Call; links message to interaction.
Call2_Key_Message,key_message,TEXT,Message content; valuable for sentiment analysis and message impact modeling.
Consent,consent_id,SERIAL,Primary key for consent records; essential for GDPR compliance and communication eligibility.
Consent,account_id,VARCHAR(50),Foreign key to Account; links consent to HCP.
Consent,consent_status,BOOLEAN,Indicates opt-in or opt-out; critical for campaign eligibility and compliance.
Consent,consent_date,DATE,Date of consent; used in audit trails and eligibility windows.
Transfer_of_Value__c,tov_id,VARCHAR(50),Primary key for financial transfer; required for Sunshine Act and transparency reporting.
Transfer_of_Value__c,account_id,VARCHAR(50),Foreign key to Account; links payment to HCP.
Transfer_of_Value__c,amount,"DECIMAL(12,2)",Monetary value transferred; used in compliance and influence modeling.
Transfer_of_Value__c,purpose,VARCHAR(255),Purpose of transfer; relevant for classification and audit.
Transfer_of_Value__c,transfer_date,DATE,Date of transfer; used in reporting and time-series analysis.
Sample_Order__c,sample_order_id,VARCHAR(50),Primary key for sample order; used in compliance and fulfillment tracking.
Sample_Order__c,account_id,VARCHAR(50),Foreign key to Account; links order to HCP.
Sample_Order__c,product_id,VARCHAR(50),Foreign key to Product; used in sample forecasting.
Sample_Order__c,quantity,INTEGER,Quantity requested; relevant for inventory and engagement modeling.
Sample_Order__c,order_date,DATE,Date of sample order; used in cadence and compliance analysis.
Order__c,order_id,VARCHAR(50),Primary key for commercial order; foundational for revenue analytics and fulfillment tracking.
Order__c,account_id,VARCHAR(50),Foreign key to Account; links order to HCP or HCO.
Order__c,order_date,DATE,Date of order; used in sales forecasting and time-series modeling.
Order__c,status,VARCHAR(50),"Order status (e.g., submitted, shipped); important for pipeline and fulfillment analytics."
Order__c,channel,VARCHAR(50),"Order channel (e.g., rep-assisted, eCommerce); relevant for channel mix and digital adoption analysis."
Medical_Inquiry__c,inquiry_id,VARCHAR(50),Primary key for medical inquiry; used in scientific engagement and MSL analytics.
Medical_Inquiry__c,account_id,VARCHAR(50),Foreign key to Account; links inquiry to HCP.
Medical_Inquiry__c,inquiry_type,VARCHAR(100),"Type of inquiry (e.g., safety, efficacy); relevant for content planning and sentiment analysis."
Medical_Inquiry__c,inquiry_text,TEXT,Inquiry content; valuable for NLP and topic modeling.
Medical_Inquiry__c,inquiry_date,DATE,Date of inquiry; used in engagement cadence and responsiveness tracking.
Event,event_id,VARCHAR(50),Primary key for event; essential for tracking scientific and promotional engagements; used in event ROI and influence modeling.
Event,name,VARCHAR(255),"Event name; useful for reporting, search, and NLP-based clustering."
Event,event_type,VARCHAR(100),"Type of event (e.g., advisory board, speaker program); critical for segmentation and compliance classification."
Event,location,VARCHAR(255),Event location; relevant for geographic targeting and travel logistics.
Event,event_date,DATE,Date of the event; used in time-series analysis and engagement cadence modeling.
Event_Attendee,attendee_id,SERIAL,Primary key for event attendee; enables linking HCPs to events for influence and participation analytics.
Event_Attendee,event_id,VARCHAR(50),Foreign key to Event; links attendee to event.
Event_Attendee,account_id,VARCHAR(50),Foreign key to Account; identifies participating HCP.
Event_Attendee,role,VARCHAR(100),"Role of attendee (e.g., speaker, participant); relevant for KOL identification and speaker bureau analysis."
event_product,event_product_id,SERIAL,Primary key for event-product link; tracks product focus during events; useful for message alignment and product strategy.
event_product,event_id,VARCHAR(50),Foreign key to Event; links product to event.
event_product,product_id,VARCHAR(50),Foreign key to Product; enables therapeutic area mapping and engagement analysis.
event_feedback,feedback_id,SERIAL,Primary key for feedback; used to assess event quality and HCP satisfaction.
event_feedback,event_id,VARCHAR(50),Foreign key to Event; links feedback to event.
event_feedback,account_id,VARCHAR(50),Foreign key to Account; identifies feedback source.
event_feedback,rating,INTEGER,Numerical rating; useful for sentiment scoring and event optimization.
event_feedback,comments,TEXT,Free-text feedback; valuable for NLP and topic modeling.
advisory_board,board_id,VARCHAR(50),Primary key for advisory board; tracks high-value scientific engagements; relevant for KOL strategy and influence modeling.
advisory_board,event_id,VARCHAR(50),Foreign key to Event; links board to event.
advisory_board,topic,VARCHAR(255),Topic discussed; useful for scientific strategy and content planning.
speaker_program,program_id,VARCHAR(50),Primary key for speaker program; tracks promotional engagements; relevant for compliance and speaker utilization analytics.
speaker_program,event_id,VARCHAR(50),Foreign key to Event; links program to event.
speaker_program,speaker_id,VARCHAR(50),Foreign key to Account; identifies speaker HCP.
msl_interaction,interaction_id,VARCHAR(50),Primary key for MSL interaction; tracks scientific engagement; critical for MedAffairs analytics and KOL mapping.
msl_interaction,account_id,VARCHAR(50),Foreign key to Account; identifies HCP engaged.
msl_interaction,msl_id,VARCHAR(50),MSL user ID; used for rep attribution and performance tracking.
msl_interaction,interaction_date,DATE,Date of interaction; relevant for cadence and responsiveness modeling.
msl_interaction,notes,TEXT,Interaction notes; valuable for NLP and scientific insight extraction.
clinical_trial_participation,trial_id,VARCHAR(50),Primary key for trial participation; identifies HCPs involved in clinical research; key for KOL identification and trial site planning.
clinical_trial_participation,account_id,VARCHAR(50),Foreign key to Account; links HCP to trial.
clinical_trial_participation,trial_name,VARCHAR(255),Name of the clinical trial; useful for mapping and reporting.
clinical_trial_participation,phase,VARCHAR(50),"Trial phase (e.g., Phase III); relevant for scientific strategy and regulatory alignment."
hcp_survey,survey_id,VARCHAR(50),Primary key for survey; tracks market research and HCP feedback; essential for voice-of-customer analytics.
hcp_survey,title,VARCHAR(255),Survey title; used for reporting and search.
hcp_survey,purpose,TEXT,Purpose of the survey; relevant for segmentation and strategic planning.
hcp_survey,launch_date,DATE,Launch date; used in time-series analysis and campaign alignment.
survey_question,question_id,VARCHAR(50),Primary key for survey question; enables structured analysis of HCP responses.
survey_question,survey_id,VARCHAR(50),Foreign key to hcp_survey; links question to survey.
survey_question,question_text,TEXT,Text of the question; used in NLP and response clustering.
survey_answer_option,option_id,VARCHAR(50),Primary key for answer option; supports multiple choice analysis and scoring.
survey_answer_option,question_id,VARCHAR(50),Foreign key to survey_question; links option to question.
survey_answer_option,option_text,TEXT,Text of the answer option; used in response mapping and analytics.
survey_response,response_id,VARCHAR(50),Primary key for survey response; tracks individual HCP feedback; critical for behavioral modeling and segmentation.
survey_response,survey_id,VARCHAR(50),Foreign key to hcp_survey; links response to survey.
survey_response,account_id,VARCHAR(50),Foreign key to Account; identifies responding HCP.
survey_response,question_id,VARCHAR(50),Foreign key to survey_question; links response to question.
survey_response,selected_option_id,VARCHAR(50),Foreign key to survey_answer_option; identifies selected answer.
survey_response,response_date,DATE,Date of response; used in trend analysis and campaign timing.
survey_product_focus,focus_id,SERIAL,Primary key for product focus; identifies products covered in survey; useful for product strategy and message testing.
survey_product_focus,survey_id,VARCHAR(50),Foreign key to hcp_survey; links product to survey.
survey_product_focus,product_id,VARCHAR(50),Foreign key to Product; enables therapeutic area mapping.
survey_channel,channel_id,VARCHAR(50),Primary key for survey channel; tracks delivery mode; relevant for digital engagement and channel mix analysis.
survey_channel,survey_id,VARCHAR(50),Foreign key to hcp_survey; links channel to survey.
survey_channel,channel_type,VARCHAR(100),"Mode of delivery (e.g., email, rep-assisted); used in channel effectiveness and adoption modeling."
Event,event_id,VARCHAR(50),Primary key for event; essential for tracking scientific and promotional engagements; used in event ROI and influence modeling.
Event,name,VARCHAR(255),"Event name; useful for reporting, search, and NLP-based clustering."
Event,event_type,VARCHAR(100),"Type of event (e.g., advisory board, speaker program); critical for segmentation and compliance classification."
Event,location,VARCHAR(255),Event location; relevant for geographic targeting and travel logistics.
Event,event_date,DATE,Date of the event; used in time-series analysis and engagement cadence modeling.
Event_Attendee,attendee_id,SERIAL,Primary key for event attendee; enables linking HCPs to events for influence and participation analytics.
Event_Attendee,event_id,VARCHAR(50),Foreign key to Event; links attendee to event.
Event_Attendee,account_id,VARCHAR(50),Foreign key to Account; identifies participating HCP.
Event_Attendee,role,VARCHAR(100),"Role of attendee (e.g., speaker, participant); relevant for KOL identification and speaker bureau analysis."
event_product,event_product_id,SERIAL,Primary key for event-product link; tracks product focus during events; useful for message alignment and product strategy.
event_product,event_id,VARCHAR(50),Foreign key to Event; links product to event.
event_product,product_id,VARCHAR(50),Foreign key to Product; enables therapeutic area mapping and engagement analysis.
event_feedback,feedback_id,SERIAL,Primary key for feedback; used to assess event quality and HCP satisfaction.
event_feedback,event_id,VARCHAR(50),Foreign key to Event; links feedback to event.
event_feedback,account_id,VARCHAR(50),Foreign key to Account; identifies feedback source.
event_feedback,rating,INTEGER,Numerical rating; useful for sentiment scoring and event optimization.
event_feedback,comments,TEXT,Free-text feedback; valuable for NLP and topic modeling.
advisory_board,board_id,VARCHAR(50),Primary key for advisory board; tracks high-value scientific engagements; relevant for KOL strategy and influence modeling.
advisory_board,event_id,VARCHAR(50),Foreign key to Event; links board to event.
advisory_board,topic,VARCHAR(255),Topic discussed; useful for scientific strategy and content planning.
speaker_program,program_id,VARCHAR(50),Primary key for speaker program; tracks promotional engagements; relevant for compliance and speaker utilization analytics.
speaker_program,event_id,VARCHAR(50),Foreign key to Event; links program to event.
speaker_program,speaker_id,VARCHAR(50),Foreign key to Account; identifies speaker HCP.
msl_interaction,interaction_id,VARCHAR(50),Primary key for MSL interaction; tracks scientific engagement; critical for MedAffairs analytics and KOL mapping.
msl_interaction,account_id,VARCHAR(50),Foreign key to Account; identifies HCP engaged.
msl_interaction,msl_id,VARCHAR(50),MSL user ID; used for rep attribution and performance tracking.
msl_interaction,interaction_date,DATE,Date of interaction; relevant for cadence and responsiveness modeling.
msl_interaction,notes,TEXT,Interaction notes; valuable for NLP and scientific insight extraction.
clinical_trial_participation,trial_id,VARCHAR(50),Primary key for trial participation; identifies HCPs involved in clinical research; key for KOL identification and trial site planning.
clinical_trial_participation,account_id,VARCHAR(50),Foreign key to Account; links HCP to trial.
clinical_trial_participation,trial_name,VARCHAR(255),Name of the clinical trial; useful for mapping and reporting.
clinical_trial_participation,phase,VARCHAR(50),"Trial phase (e.g., Phase III); relevant for scientific strategy and regulatory alignment."
hcp_survey,survey_id,VARCHAR(50),Primary key for survey; tracks market research and HCP feedback; essential for voice-of-customer analytics.
hcp_survey,title,VARCHAR(255),Survey title; used for reporting and search.
hcp_survey,purpose,TEXT,Purpose of the survey; relevant for segmentation and strategic planning.
hcp_survey,launch_date,DATE,Launch date; used in time-series analysis and campaign alignment.
survey_question,question_id,VARCHAR(50),Primary key for survey question; enables structured analysis of HCP responses.
survey_question,survey_id,VARCHAR(50),Foreign key to hcp_survey; links question to survey.
survey_question,question_text,TEXT,Text of the question; used in NLP and response clustering.
survey_answer_option,option_id,VARCHAR(50),Primary key for answer option; supports multiple choice analysis and scoring.
survey_answer_option,question_id,VARCHAR(50),Foreign key to survey_question; links option to question.
survey_answer_option,option_text,TEXT,Text of the answer option; used in response mapping and analytics.
survey_response,response_id,VARCHAR(50),Primary key for survey response; tracks individual HCP feedback; critical for behavioral modeling and segmentation.
survey_response,survey_id,VARCHAR(50),Foreign key to hcp_survey; links response to survey.
survey_response,account_id,VARCHAR(50),Foreign key to Account; identifies responding HCP.
survey_response,question_id,VARCHAR(50),Foreign key to survey_question; links response to question.
survey_response,selected_option_id,VARCHAR(50),Foreign key to survey_answer_option; identifies selected answer.
survey_response,response_date,DATE,Date of response; used in trend analysis and campaign timing.
survey_product_focus,focus_id,SERIAL,Primary key for product focus; identifies products covered in survey; useful for product strategy and message testing.
survey_product_focus,survey_id,VARCHAR(50),Foreign key to hcp_survey; links product to survey.
survey_product_focus,product_id,VARCHAR(50),Foreign key to Product; enables therapeutic area mapping.
survey_channel,channel_id,VARCHAR(50),Primary key for survey channel; tracks delivery mode; relevant for digital engagement and channel mix analysis.
survey_channel,survey_id,VARCHAR(50),Foreign key to hcp_survey; links channel to survey.
survey_channel,channel_type,VARCHAR(100),"Mode of delivery (e.g., email, rep-assisted); used in channel effectiveness and adoption modeling."
"Table Name","Column Name","Data Type","Description"
"order_channel","channel_id","VARCHAR(50)","Primary key for order channel; identifies the mode of order placement (e.g., rep-assisted, eCommerce); critical for channel mix analysis and digital adoption modeling."
"order_channel","name","VARCHAR(100)","Channel name; used in dashboards and segmentation."
"order_channel","description","TEXT","Detailed description of the channel; useful for classification and reporting."
"return_order","return_id","VARCHAR(50)","Primary key for returned order; tracks product returns; essential for reverse logistics and dissatisfaction analysis."
"return_order","order_id","VARCHAR(50)","Foreign key to order_header; links return to original order."
"return_order","return_date","DATE","Date of return; used in time-series and refund modeling."
"return_order","reason","TEXT","Reason for return; valuable for sentiment analysis and quality control."
"order_attachment","attachment_id","SERIAL","Primary key for order attachment; stores supporting documents; relevant for compliance and audit."
"order_attachment","order_id","VARCHAR(50)","Foreign key to order_header; links attachment to order."
"order_attachment","file_name","VARCHAR(255)","Name of the uploaded file; useful for traceability."
"order_attachment","file_type","VARCHAR(50)","Type of file (e.g., PDF, image); used in document classification."
"order_attachment","upload_date","DATE","Date of upload; relevant for audit and workflow tracking."
"sales_plan","sales_plan_id","VARCHAR(50)","Primary key for sales plan; defines strategic goals by territory or product; essential for forecasting and performance benchmarking."
"sales_plan","territory_id","VARCHAR(50)","Foreign key to Territory2; links plan to territory."
"sales_plan","product_id","VARCHAR(50)","Foreign key to Product; enables product-level planning."
"sales_plan","goal_amount","DECIMAL(12,2)","Sales goal amount; used in quota setting and performance tracking."
"sales_plan","plan_period","VARCHAR(50)","Time period of the plan (e.g., Q1 2025); relevant for time-series analysis."
"sales_target","target_id","VARCHAR(50)","Primary key for HCP-level targeting; defines engagement strategy; critical for segmentation and rep planning."
"sales_target","account_id","VARCHAR(50)","Foreign key to Account; identifies target HCP."
"sales_target","decile","INTEGER","Target decile; used in prioritization and influence modeling."
"sales_target","visit_frequency","INTEGER","Planned visit frequency; relevant for call planning and rep workload optimization."
"call_plan","call_plan_id","VARCHAR(50)","Primary key for planned rep visits; defines tactical engagement; used in cadence modeling and rep scheduling."
"call_plan","account_id","VARCHAR(50)","Foreign key to Account; identifies HCP to be visited."
"call_plan","user_id","VARCHAR(50)","Foreign key to User; identifies assigned rep."
"call_plan","planned_date","DATE","Planned date of visit; used in forecasting and adherence tracking."
"segmentation","segment_id","VARCHAR(50)","Primary key for HCP segmentation; defines strategic buckets (e.g., high potential, early adopter); essential for targeting and personalization."
"segmentation","account_id","VARCHAR(50)","Foreign key to Account; links segment to HCP."
"segmentation","segment_tag","VARCHAR(100)","Segment label; used in dashboards and campaign logic."
"reach_frequency","reach_id","VARCHAR(50)","Primary key for reach-frequency record; compares planned vs actual engagement; critical for rep effectiveness and coverage analysis."
"reach_frequency","account_id","VARCHAR(50)","Foreign key to Account; identifies HCP."
"reach_frequency","planned_visits","INTEGER","Planned number of visits; used in call plan adherence."
"reach_frequency","actual_visits","INTEGER","Actual number of visits; used in performance tracking."
"sales_forecast","forecast_id","VARCHAR(50)","Primary key for sales forecast; projects future sales; essential for planning and supply chain alignment."
"sales_forecast","product_id","VARCHAR(50)","Foreign key to Product; enables product-level forecasting."
"sales_forecast","territory_id","VARCHAR(50)","Foreign key to Territory2; links forecast to region."
"sales_forecast","forecast_amount","DECIMAL(12,2)","Forecasted sales amount; used in planning and variance analysis."
"sales_forecast","forecast_period","VARCHAR(50)","Time period of forecast; relevant for time-series modeling."
