ReturnID,ShipmentID,Notes
RT001,SHP007,"Product discoloration observed on arrival; suspected contamination."
RT002,SHP012,"Packaging seal broken; sterility compromised."
RT003,SHP017,"Tablets found to be brittle and crumbling during inspection."
RT004,SHP002,"Unusual odor detected in vials; quality control failed."
RT005,SHP003,"Temperature excursion beyond 8°C during transit."
RT006,SHP009,"Label mismatch with invoice; batch ID not scannable."
RT007,SHP015,"Returned due to incorrect dosage labeling."
RT008,SHP019,"Shipment delayed beyond acceptable window; rejected by receiving depot."