ShipmentID,Date,Origin,Destination,Status,BatchID,ProductID,InvoiceID,ProductSupplierName
SHP001,01-10-2025,Hyderabad,Kolkata,Delivered,BT1234,PRD001,INV-001,Sun Pharma
SHP002,02-10-2025,Mumbai,Delhi,In Transit,BT1235,PRD002,INV-002,Cipla
SHP003,03-10-2025,Bangalore,Ahmedabad,Returned,BT1236,PRD003,INV-003,Dr. Reddy's
SHP004,04-10-2025,Chennai,Pune,Delivered,BT1237,PRD004,INV-004,Aurobindo Pharma
SHP005,05-10-2025,Hyderabad,Jaipur,Delayed,BT1238,PRD005,INV-005,Zydus Cadila
SHP006,06-10-2025,Mumbai,Indore,Delivered,BT1239,PRD006,INV-006,Sun Pharma
SHP007,07-10-2025,Bangalore,Nagpur,Returned,BT1240,PRD007,INV-007,Cipla
SHP008,08-10-2025,Chennai,Surat,Delivered,BT1241,PRD008,INV-008,Dr. Reddy's
SHP009,09-10-2025,Hyderabad,Bhopal,Returned,BT1242,PRD009,INV-009,Aurobindo Pharma
SHP010,10-10-2025,Mumbai,Patna,Delivered,BT1243,PRD010,INV-010,Zydus Cadila
SHP011,11-10-2025,Bangalore,Lucknow,In Transit,BT1244,PRD011,INV-011,Sun Pharma
SHP012,12-10-2025,Chennai,Kanpur,Returned,BT1245,PRD012,INV-012,Cipla
SHP013,13-10-2025,Hyderabad,Varanasi,Delayed,BT1246,PRD013,INV-013,Dr. Reddy's
SHP014,14-10-2025,Mumbai,Ranchi,Delivered,BT1247,PRD014,INV-014,Aurobindo Pharma
SHP015,15-10-2025,Bangalore,Guwahati,Returned,BT1248,PRD015,INV-015,Zydus Cadila
SHP016,16-10-2025,Chennai,Bhubaneswar,Delivered,BT1249,PRD016,INV-016,Sun Pharma
SHP017,17-10-2025,Hyderabad,Amritsar,In Transit,BT1250,PRD017,INV-017,Cipla
SHP018,18-10-2025,Mumbai,Chandigarh,Delivered,BT1251,PRD018,INV-018,Dr. Reddy's
SHP019,19-10-2025,Bangalore,Shimla,Returned,BT1252,PRD019,INV-019,Aurobindo Pharma
SHP020,20-10-2025,Chennai,Dehradun,Delivered,BT1253,PRD020,INV-020,Zydus Cadila
