ShipmentID,Date,Origin,Destination,Status,BatchID,ProductID,ProductSupplierName
SHP001,2025-10-01,Hyderabad,Kolkata,Delivered,BT1234,PRD001,Sun Pharma
SHP002,2025-10-02,Mumbai,Delhi,In Transit,BT1235,PRD002,Cipla
SHP003,2025-10-03,Bangalore,Ahmedabad,Returned,BT1236,PRD003,Dr. Reddy's
SHP004,2025-10-04,Chennai,Pune,Delivered,BT1237,PRD004,Aurobindo Pharma
SHP005,2025-10-05,Hyderabad,Jaipur,Delayed,BT1238,PRD005,Zydus Cadila
SHP006,2025-10-06,Mumbai,Indore,Delivered,BT1239,PRD006,Sun Pharma
SHP007,2025-10-07,Bangalore,Nagpur,In Transit,BT1240,PRD007,Cipla
SHP008,2025-10-08,Chennai,Surat,Delivered,BT1241,PRD008,Dr. Reddy's
SHP009,2025-10-09,Hyderabad,Bhopal,Returned,BT1242,PRD009,Aurobindo Pharma
SHP010,2025-10-10,Mumbai,Patna,Delivered,BT1243,PRD010,Zydus Cadila
SHP011,2025-10-11,Bangalore,Lucknow,In Transit,BT1244,PRD011,Sun Pharma
SHP012,2025-10-12,Chennai,Kanpur,Delivered,BT1245,PRD012,Cipla
SHP013,2025-10-13,Hyderabad,Varanasi,Delayed,BT1246,PRD013,Dr. Reddy's
SHP014,2025-10-14,Mumbai,Ranchi,Delivered,BT1247,PRD014,Aurobindo Pharma
SHP015,2025-10-15,Bangalore,Guwahati,Returned,BT1248,PRD015,Zydus Cadila
SHP016,2025-10-16,Chennai,Bhubaneswar,Delivered,BT1249,PRD016,Sun Pharma
SHP017,2025-10-17,Hyderabad,Amritsar,In Transit,BT1250,PRD017,Cipla
SHP018,2025-10-18,Mumbai,Chandigarh,Delivered,BT1251,PRD018,Dr. Reddy's
SHP019,2025-10-19,Bangalore,Shimla,Returned,BT1252,PRD019,Aurobindo Pharma
SHP020,2025-10-20,Chennai,Dehradun,Delivered,BT1253,PRD020,Zydus Cadila